"","F","LFTX","LFTY","RFTX","RFTY","OffX","OffY","F1","LFTX1","LFTY1","RFTX1","RFTY1","F2","LFTX2","LFTY2","RFTX2","RFTY2","DS1L","DS1R","DS2L","DS2R","D12L","D12R","BestL","BestR"
"2",2,261,153,410,185,163,75,2,252,161,407,188,2,252,169,409,191,12.0415945787923,4.24264068711928,18.3575597506858,6.08276253029822,8,3.60555127546399,12.0415945787923,4.24264068711928
"3",3,267,153,410,185,163,75,3,269,158,409,189,3,262,161,406,189,5.3851648071345,4.12310562561766,9.4339811320566,5.65685424949238,7.61577310586391,3,5.3851648071345,4.12310562561766
"4",4,282,153,410,185,163,75,4,289,158,409,187,4,286,159,406,189,8.60232526704263,2.23606797749979,7.21110255092798,5.65685424949238,3.16227766016838,3.60555127546399,7.21110255092798,2.23606797749979
"5",5,282,153,404,171,163,75,5,293,162,404,177,5,284,166,400,179,14.2126704035519,6,13.1529464379659,8.94427190999916,9.8488578017961,4.47213595499958,13.1529464379659,6
"6",6,273,153,397,160,163,75,6,279,157,396,169,6,278,158,400,179,7.21110255092798,9.05538513813742,7.07106781186548,19.2353840616713,1.4142135623731,10.770329614269,7.07106781186548,9.05538513813742
"7",7,271,154,397,160,163,75,7,277,158,396,168,7,278,158,397,171,7.21110255092798,8.06225774829855,8.06225774829855,11,1,3.16227766016838,7.21110255092798,8.06225774829855
"8",8,245,161,382,146,163,75,8,249,168,384,156,8,250,168,382,162,8.06225774829855,10.1980390271856,8.60232526704263,16,1,6.32455532033676,8.06225774829855,10.1980390271856
"9",9,241,164,379,146,163,75,9,244,171,378,154,9,241,173,379,153,7.61577310586391,8.06225774829855,9,7,3.60555127546399,1.4142135623731,7.61577310586391,7
"10",10,238,169,379,146,163,75,10,244,171,378,154,10,245,173,378,153,6.32455532033676,8.06225774829855,8.06225774829855,7.07106781186548,2.23606797749979,1,6.32455532033676,7.07106781186548
"11",11,230,170,384,146,163,75,11,232,178,380,158,11,233,179,380,156,8.24621125123532,12.6491106406735,9.48683298050514,10.770329614269,1.4142135623731,2,8.24621125123532,10.770329614269
"12",12,224,174,391,155,163,75,12,231,178,395,168,12,232,181,392,170,8.06225774829855,13.6014705087354,10.6301458127346,15.0332963783729,3.16227766016838,3.60555127546399,8.06225774829855,13.6014705087354
"13",13,224,177,397,162,163,75,13,231,180,392,169,13,232,181,392,170,7.61577310586391,8.60232526704263,8.94427190999916,9.4339811320566,1.4142135623731,1,7.61577310586391,8.60232526704263
"14",14,222,179,405,166,163,75,14,227,184,392,169,14,232,181,399,173,7.07106781186548,13.3416640641263,10.1980390271856,9.21954445729289,5.8309518948453,8.06225774829855,7.07106781186548,9.21954445729289
"15",15,225,179,406,174,163,75,15,227,187,403,180,15,228,187,403,179,8.24621125123532,6.70820393249937,8.54400374531753,5.8309518948453,1,1,8.24621125123532,5.8309518948453
"16",16,226,175,406,177,163,75,16,228,183,404,182,16,231,183,401,183,8.24621125123532,5.3851648071345,9.4339811320566,7.81024967590665,3,3.16227766016838,8.24621125123532,5.3851648071345
"17",17,232,172,406,178,163,75,17,234,177,403,183,17,231,183,402,184,5.3851648071345,5.8309518948453,11.0453610171873,7.21110255092798,6.70820393249937,1.4142135623731,5.3851648071345,5.8309518948453
"18",18,240,171,408,179,163,75,18,244,177,405,183,18,246,172,402,184,7.21110255092798,5,6.08276253029822,7.81024967590665,5.3851648071345,3.16227766016838,6.08276253029822,5
"19",19,249,160,408,179,163,75,19,262,166,405,184,19,263,167,402,184,14.3178210632764,5.8309518948453,15.6524758424985,7.81024967590665,1.4142135623731,3,14.3178210632764,5.8309518948453
"20",20,267,158,408,178,163,75,20,269,162,407,186,20,271,164,406,188,4.47213595499958,8.06225774829855,7.21110255092798,10.1980390271856,2.82842712474619,2.23606797749979,4.47213595499958,8.06225774829855
"21",21,274,154,409,178,163,75,21,277,164,407,186,21,276,167,404,188,10.4403065089106,8.24621125123532,13.1529464379659,11.1803398874989,3.16227766016838,3.60555127546399,10.4403065089106,8.24621125123532
"22",22,281,154,409,178,163,75,22,282,162,407,186,22,276,167,404,188,8.06225774829855,8.24621125123532,13.9283882771841,11.1803398874989,7.81024967590665,3.60555127546399,8.06225774829855,8.24621125123532
"23",23,281,158,411,180,163,75,23,289,166,407,188,23,276,167,404,188,11.3137084989848,8.94427190999916,10.295630140987,10.6301458127346,13.0384048104053,3,10.295630140987,8.94427190999916
"24",24,281,163,412,184,163,75,24,292,170,408,189,24,290,169,404,188,13.0384048104053,6.40312423743285,10.816653826392,8.94427190999916,2.23606797749979,4.12310562561766,10.816653826392,6.40312423743285
"25",25,284,164,413,184,163,75,25,283,167,411,192,25,290,169,406,192,3.16227766016838,8.24621125123532,7.81024967590665,10.6301458127346,7.28010988928052,5,3.16227766016838,8.24621125123532
"26",26,284,165,413,184,163,75,26,285,170,411,194,26,281,169,412,197,5.09901951359278,10.1980390271856,5,13.0384048104053,4.12310562561766,3.16227766016838,5,10.1980390271856
"27",27,284,164,414,186,163,75,27,288,169,412,194,27,288,170,412,197,6.40312423743285,8.24621125123532,7.21110255092798,11.1803398874989,1,3,6.40312423743285,8.24621125123532
"28",28,281,165,414,187,163,75,28,283,169,412,193,28,282,170,409,199,4.47213595499958,6.32455532033676,5.09901951359278,13,1.4142135623731,6.70820393249937,4.47213595499958,6.32455532033676
"29",29,269,165,414,187,163,75,29,260,171,407,187,29,262,173,409,199,10.816653826392,7,10.6301458127346,13,2.82842712474619,12.1655250605964,10.6301458127346,7
"30",30,259,167,408,173,163,75,30,256,171,407,189,30,260,171,408,187,5,16.0312195418814,4.12310562561766,14,4,2.23606797749979,4.12310562561766,14
"31",31,248,170,405,168,163,75,31,251,176,406,180,31,253,176,403,179,6.70820393249937,12.0415945787923,7.81024967590665,11.1803398874989,2,3.16227766016838,6.70820393249937,11.1803398874989
"32",32,240,177,401,167,163,75,32,241,179,399,172,32,243,181,398,172,2.23606797749979,5.3851648071345,5,5.8309518948453,2.82842712474619,1,2.23606797749979,5.3851648071345
"33",33,235,177,396,158,163,75,33,238,184,394,167,33,238,187,396,167,7.61577310586391,9.21954445729289,10.4403065089106,9,3,2,7.61577310586391,9
"34",34,227,184,395,155,163,75,34,230,190,392,161,34,231,190,392,159,6.70820393249937,6.70820393249937,7.21110255092798,5,1,2,6.70820393249937,5
"35",35,225,186,394,154,163,75,35,227,195,392,164,35,227,193,392,161,9.21954445729289,10.1980390271856,7.28010988928052,7.28010988928052,2,3,7.28010988928052,7.28010988928052
"36",36,217,188,394,154,163,75,36,227,197,398,170,36,226,197,397,166,13.4536240470737,16.4924225024706,12.7279220613579,12.369316876853,1,4.12310562561766,12.7279220613579,12.369316876853
"37",37,217,193,407,171,163,75,37,226,199,405,183,37,224,200,408,182,10.816653826392,12.1655250605964,9.89949493661167,11.0453610171873,2.23606797749979,3.16227766016838,9.89949493661167,11.0453610171873
"38",38,218,193,420,196,163,75,38,226,200,414,193,38,224,201,414,193,10.6301458127346,6.70820393249937,10,6.70820393249937,2.23606797749979,0,10,6.70820393249937
"39",39,218,193,422,203,163,75,39,224,200,418,206,39,223,199,419,209,9.21954445729289,5,7.81024967590665,6.70820393249937,1.4142135623731,3.16227766016838,7.81024967590665,5
"40",40,217,194,424,214,163,75,40,225,195,420,215,40,225,198,418,214,8.06225774829855,4.12310562561766,8.94427190999916,6,3,2.23606797749979,8.06225774829855,4.12310562561766
"41",41,216,194,424,214,163,75,41,227,193,421,221,41,227,194,420,220,11.0453610171873,7.61577310586391,11,7.21110255092798,1,1.4142135623731,11,7.21110255092798
"42",42,216,194,424,215,163,75,42,227,194,422,217,42,226,194,418,215,11,2.82842712474619,10,6,1,4.47213595499958,10,2.82842712474619
"43",43,216,194,424,215,163,75,43,223,194,420,216,43,223,198,418,215,7,4.12310562561766,8.06225774829855,6,4,2.23606797749979,7,4.12310562561766
"44",44,215,198,424,215,163,75,44,223,201,420,216,44,222,201,418,215,8.54400374531753,4.12310562561766,7.61577310586391,6,1,2.23606797749979,7.61577310586391,4.12310562561766
"45",45,215,201,422,206,163,75,45,223,204,419,216,45,221,205,417,208,8.54400374531753,10.4403065089106,7.21110255092798,5.3851648071345,2.23606797749979,8.24621125123532,7.21110255092798,5.3851648071345
"46",46,215,204,419,197,163,75,46,219,211,417,200,46,220,208,413,202,8.06225774829855,3.60555127546399,6.40312423743285,7.81024967590665,3.16227766016838,4.47213595499958,6.40312423743285,3.60555127546399
"47",47,210,207,411,179,163,75,47,219,210,408,182,47,220,211,408,181,9.48683298050514,4.24264068711928,10.770329614269,3.60555127546399,1.4142135623731,1,9.48683298050514,3.60555127546399
"48",48,210,207,400,164,163,75,48,217,211,397,171,48,219,214,399,170,8.06225774829855,7.61577310586391,11.4017542509914,6.08276253029822,3.60555127546399,2.23606797749979,8.06225774829855,6.08276253029822
"49",49,210,207,387,152,163,75,49,217,211,385,161,49,220,211,386,164,8.06225774829855,9.21954445729289,10.770329614269,12.0415945787923,3,3.16227766016838,8.06225774829855,9.21954445729289
"50",50,211,205,380,149,163,75,50,217,211,378,156,50,222,205,376,155,8.48528137423857,7.28010988928052,11,7.21110255092798,7.81024967590665,2.23606797749979,8.48528137423857,7.21110255092798
"51",51,224,188,366,140,163,75,51,228,195,367,150,51,231,193,367,149,8.06225774829855,10.0498756211209,8.60232526704263,9.05538513813742,3.60555127546399,1,8.06225774829855,9.05538513813742
"52",52,229,187,365,139,163,75,52,242,180,358,146,52,242,181,361,152,14.7648230602334,9.89949493661167,14.3178210632764,13.6014705087354,1,6.70820393249937,14.3178210632764,9.89949493661167
"53",53,243,170,349,139,163,75,53,245,176,350,142,53,249,173,348,145,6.32455532033676,3.16227766016838,6.70820393249937,6.08276253029822,5,3.60555127546399,6.32455532033676,3.16227766016838
"54",54,253,165,346,139,163,75,54,255,169,340,142,54,257,170,343,145,4.47213595499958,6.70820393249937,6.40312423743285,6.70820393249937,2.23606797749979,4.24264068711928,4.47213595499958,6.70820393249937
"55",55,253,160,346,136,163,75,55,261,167,341,143,55,262,167,341,145,10.6301458127346,8.60232526704263,11.4017542509914,10.295630140987,1,2,10.6301458127346,8.60232526704263
"56",56,260,160,355,136,163,75,56,265,165,346,145,56,267,167,350,150,7.07106781186548,12.7279220613579,9.89949493661167,14.8660687473185,2.82842712474619,6.40312423743285,7.07106781186548,12.7279220613579
"57",57,265,160,376,143,163,75,57,269,162,362,145,57,270,165,363,145,4.47213595499958,14.142135623731,7.07106781186548,13.1529464379659,3.16227766016838,1,4.47213595499958,13.1529464379659
"58",58,260,156,380,143,163,75,58,266,162,369,152,58,267,164,371,152,8.48528137423857,14.2126704035519,10.6301458127346,12.7279220613579,2.23606797749979,2,8.48528137423857,12.7279220613579
"59",59,257,156,388,154,163,75,59,250,167,388,162,59,251,168,389,160,13.0384048104053,8,13.4164078649987,6.08276253029822,1.4142135623731,2.23606797749979,13.0384048104053,6.08276253029822
"60",60,247,160,389,157,163,75,60,257,183,389,164,60,247,167,388,162,25.0798724079689,7,7,5.09901951359278,18.8679622641132,2.23606797749979,7,5.09901951359278
"61",61,239,161,399,165,163,75,61,241,170,396,170,61,241,170,388,162,9.21954445729289,5.8309518948453,9.21954445729289,11.4017542509914,0,11.3137084989848,9.21954445729289,5.8309518948453
"62",62,238,166,399,165,163,75,62,241,170,396,168,62,242,171,396,170,5,4.24264068711928,6.40312423743285,5.8309518948453,1.4142135623731,2,5,4.24264068711928
"63",63,238,161,400,166,163,75,63,242,170,399,171,63,242,171,399,173,9.8488578017961,5.09901951359278,10.770329614269,7.07106781186548,1,2,9.8488578017961,5.09901951359278
"64",64,246,159,404,167,163,75,64,245,167,403,178,64,245,168,406,177,8.06225774829855,11.0453610171873,9.05538513813742,10.1980390271856,1,3.16227766016838,8.06225774829855,10.1980390271856
"65",65,253,157,409,179,163,75,65,254,162,407,181,65,255,168,405,182,5.09901951359278,2.82842712474619,11.1803398874989,5,6.08276253029822,2.23606797749979,5.09901951359278,2.82842712474619
"66",66,260,157,414,187,163,75,66,268,162,407,186,66,269,165,409,186,9.4339811320566,7.07106781186548,12.0415945787923,5.09901951359278,3.16227766016838,2,9.4339811320566,5.09901951359278
"67",67,271,153,415,189,163,75,67,273,157,411,190,67,273,160,409,190,4.47213595499958,4.12310562561766,7.28010988928052,6.08276253029822,3,2,4.47213595499958,4.12310562561766
"68",68,271,153,415,189,163,75,68,271,156,413,192,68,271,160,410,194,3,3.60555127546399,7,7.07106781186548,4,3.60555127546399,3,3.60555127546399
"69",69,269,151,415,191,163,75,69,271,156,411,193,69,271,160,413,194,5.3851648071345,4.47213595499958,9.21954445729289,3.60555127546399,4,2.23606797749979,5.3851648071345,3.60555127546399
"70",70,267,151,415,192,163,75,70,271,156,413,194,70,264,159,413,194,6.40312423743285,2.82842712474619,8.54400374531753,2.82842712474619,7.61577310586391,0,6.40312423743285,2.82842712474619
"71",71,261,149,415,194,163,75,71,264,155,413,194,71,264,158,413,194,6.70820393249937,2,9.48683298050514,2,3,0,6.70820393249937,2
"72",72,259,149,415,196,163,75,72,262,154,413,195,72,264,158,413,194,5.8309518948453,2.23606797749979,10.295630140987,2.82842712474619,4.47213595499958,1,5.8309518948453,2.23606797749979
"73",73,255,150,416,196,163,75,73,258,154,413,195,73,258,160,414,197,5,3.16227766016838,10.4403065089106,2.23606797749979,6,2.23606797749979,5,2.23606797749979
"74",74,250,150,417,197,163,75,74,258,154,413,198,74,258,159,412,195,8.94427190999916,4.12310562561766,12.0415945787923,5.3851648071345,5,3.16227766016838,8.94427190999916,4.12310562561766
"75",75,246,155,417,197,163,75,75,253,157,413,199,75,254,159,412,203,7.28010988928052,4.47213595499958,8.94427190999916,7.81024967590665,2.23606797749979,4.12310562561766,7.28010988928052,4.47213595499958
"76",76,246,155,417,197,163,75,76,253,157,413,201,76,254,159,412,203,7.28010988928052,5.65685424949238,8.94427190999916,7.81024967590665,2.23606797749979,2.23606797749979,7.28010988928052,5.65685424949238
"77",77,239,155,419,201,163,75,77,244,167,414,202,77,254,159,413,204,13,5.09901951359278,15.52417469626,6.70820393249937,12.8062484748657,2.23606797749979,13,5.09901951359278
"78",78,232,168,420,206,163,75,78,237,171,417,205,78,238,173,414,204,5.8309518948453,3.16227766016838,7.81024967590665,6.32455532033676,2.23606797749979,3.16227766016838,5.8309518948453,3.16227766016838
"79",79,228,171,422,209,163,75,79,231,173,418,206,79,231,178,415,209,3.60555127546399,5,7.61577310586391,7,5,4.24264068711928,3.60555127546399,5
"80",80,222,181,421,207,163,75,80,227,180,417,210,80,227,183,415,210,5.09901951359278,5,5.3851648071345,6.70820393249937,3,2,5.09901951359278,5
"81",81,217,189,422,209,163,75,81,223,190,417,210,81,225,194,415,210,6.08276253029822,5.09901951359278,9.4339811320566,7.07106781186548,4.47213595499958,2,6.08276253029822,5.09901951359278
"82",82,216,198,422,207,163,75,82,222,200,418,211,82,221,202,419,212,6.32455532033676,5.65685424949238,6.40312423743285,5.8309518948453,2.23606797749979,1.4142135623731,6.32455532033676,5.65685424949238
"83",83,212,219,423,204,163,75,83,216,211,418,211,83,220,212,418,212,8.94427190999916,8.60232526704263,10.6301458127346,9.4339811320566,4.12310562561766,1,8.94427190999916,8.60232526704263
"84",84,211,221,423,204,163,75,84,215,224,418,211,84,218,223,416,212,5,8.60232526704263,7.28010988928052,10.6301458127346,3.16227766016838,2.23606797749979,5,8.60232526704263
"85",85,212,228,423,204,163,75,85,219,226,416,208,85,220,228,416,208,7.28010988928052,8.06225774829855,8,8.06225774829855,2.23606797749979,0,7.28010988928052,8.06225774829855
"86",86,217,221,415,195,163,75,86,220,225,410,197,86,220,228,410,195,5,5.3851648071345,7.61577310586391,5,3,2,5,5
"87",87,218,210,410,186,163,75,87,225,221,400,181,87,226,216,399,183,13.0384048104053,11.1803398874989,10,11.4017542509914,5.09901951359278,2.23606797749979,10,11.1803398874989
"88",88,228,186,396,170,163,75,88,232,193,388,176,88,237,191,386,175,8.06225774829855,10,10.295630140987,11.1803398874989,5.3851648071345,2.23606797749979,8.06225774829855,10
"89",89,238,175,382,159,163,75,89,265,169,373,160,89,267,165,368,159,27.6586333718787,9.05538513813742,30.6757233003559,14,4.47213595499958,5.09901951359278,27.6586333718787,9.05538513813742
"90",90,257,162,359,148,163,75,90,265,164,367,164,90,264,166,367,158,8.24621125123532,17.8885438199983,8.06225774829855,12.8062484748657,2.23606797749979,6,8.06225774829855,12.8062484748657
"91",91,270,154,359,148,163,75,91,277,161,355,154,91,264,159,355,155,9.89949493661167,7.21110255092798,7.81024967590665,8.06225774829855,13.1529464379659,1,7.81024967590665,7.21110255092798
"92",92,280,153,350,140,163,75,92,277,161,350,154,92,283,159,350,155,8.54400374531753,14,6.70820393249937,15,6.32455532033676,1,6.70820393249937,14
"93",93,280,150,357,140,163,75,93,285,158,342,149,93,286,161,340,155,9.4339811320566,17.4928556845359,12.5299640861417,22.6715680975093,3.16227766016838,6.32455532033676,9.4339811320566,17.4928556845359
"94",94,279,150,357,140,163,75,94,285,158,344,147,94,286,161,346,144,10,14.7648230602334,13.0384048104053,11.7046999107196,3.16227766016838,3.60555127546399,10,11.7046999107196
"95",95,265,153,369,142,163,75,95,267,157,367,149,95,286,161,364,148,4.47213595499958,7.28010988928052,22.4722050542442,7.81024967590665,19.4164878389476,3.16227766016838,4.47213595499958,7.28010988928052
"96",96,256,154,379,146,163,75,96,253,165,374,154,96,256,173,376,155,11.4017542509914,9.4339811320566,19,9.48683298050514,8.54400374531753,2.23606797749979,11.4017542509914,9.4339811320566
"97",97,231,172,384,153,163,75,97,235,178,381,159,97,241,178,382,160,7.21110255092798,6.70820393249937,11.6619037896906,7.28010988928052,6,1.4142135623731,7.21110255092798,6.70820393249937
"98",98,225,179,391,172,163,75,98,232,180,390,183,98,232,182,387,183,7.07106781186548,11.0453610171873,7.61577310586391,11.7046999107196,2,3,7.07106781186548,11.0453610171873
"99",99,214,198,408,201,163,75,99,220,198,401,202,99,224,198,396,202,6,7.07106781186548,10,12.0415945787923,4,5,6,7.07106781186548
"100",100,214,200,409,203,163,75,100,219,200,398,203,100,224,203,396,202,5,11,10.4403065089106,13.0384048104053,5.8309518948453,2.23606797749979,5,11
"101",101,212,206,416,204,163,75,101,216,203,414,206,101,218,205,410,210,5,2.82842712474619,6.08276253029822,8.48528137423857,2.82842712474619,5.65685424949238,5,2.82842712474619
"102",102,208,216,421,212,163,75,102,213,213,414,209,102,216,215,411,214,5.8309518948453,7.61577310586391,8.06225774829855,10.1980390271856,3.60555127546399,5.8309518948453,5.8309518948453,7.61577310586391
"103",103,208,220,422,218,163,75,103,211,223,419,220,103,216,223,415,220,4.24264068711928,3.60555127546399,8.54400374531753,7.28010988928052,5,4,4.24264068711928,3.60555127546399
"104",104,208,240,424,219,163,75,104,212,235,421,225,104,215,236,415,227,6.40312423743285,6.70820393249937,8.06225774829855,12.0415945787923,3.16227766016838,6.32455532033676,6.40312423743285,6.70820393249937
"105",105,209,248,424,219,163,75,105,214,249,422,224,105,221,247,415,226,5.09901951359278,5.3851648071345,12.0415945787923,11.4017542509914,7.28010988928052,7.28010988928052,5.09901951359278,5.3851648071345
"106",106,216,261,424,220,163,75,106,218,262,422,225,106,222,262,415,226,2.23606797749979,5.3851648071345,6.08276253029822,10.816653826392,4,7.07106781186548,2.23606797749979,5.3851648071345
"107",107,217,261,426,220,163,75,107,222,261,422,221,107,231,258,416,224,5,4.12310562561766,14.3178210632764,10.770329614269,9.48683298050514,6.70820393249937,5,4.12310562561766
"108",108,219,246,424,220,163,75,108,221,242,420,220,108,231,240,415,216,4.47213595499958,4,13.4164078649987,9.8488578017961,10.1980390271856,6.40312423743285,4.47213595499958,4
"109",109,220,221,423,215,163,75,109,230,227,418,215,109,233,225,415,216,11.6619037896906,5,13.6014705087354,8.06225774829855,3.60555127546399,3.16227766016838,11.6619037896906,5
"110",110,223,207,422,212,163,75,110,238,217,419,214,110,236,210,415,216,18.0277563773199,3.60555127546399,13.3416640641263,8.06225774829855,7.28010988928052,4.47213595499958,13.3416640641263,3.60555127546399
"111",111,240,197,422,212,163,75,111,235,190,419,212,111,240,192,415,213,8.60232526704263,3,5,7.07106781186548,5.3851648071345,4.12310562561766,5,3
"112",112,245,161,423,215,163,75,112,243,171,418,212,112,245,178,415,213,10.1980390271856,5.8309518948453,17,8.24621125123532,7.28010988928052,3.16227766016838,10.1980390271856,5.8309518948453
"113",113,248,155,425,218,163,75,113,246,165,420,215,113,249,167,416,218,10.1980390271856,5.8309518948453,12.0415945787923,9,3.60555127546399,5,10.1980390271856,5.8309518948453
"114",114,259,148,423,215,163,75,114,270,157,420,212,114,265,158,416,213,14.2126704035519,4.24264068711928,11.6619037896906,7.28010988928052,5.09901951359278,4.12310562561766,11.6619037896906,4.24264068711928
"115",115,277,148,422,214,163,75,115,278,154,416,212,115,279,159,416,210,6.08276253029822,6.32455532033676,11.1803398874989,7.21110255092798,5.09901951359278,2,6.08276253029822,6.32455532033676
"116",116,290,151,421,210,163,75,116,293,157,417,208,116,288,157,416,210,6.70820393249937,4.47213595499958,6.32455532033676,5,5,2.23606797749979,6.32455532033676,4.47213595499958
"117",117,292,152,414,195,163,75,117,295,159,413,199,117,297,164,411,195,7.61577310586391,4.12310562561766,13,3,5.3851648071345,4.47213595499958,7.61577310586391,3
"118",118,292,152,407,182,163,75,118,295,159,405,188,118,297,160,399,182,7.61577310586391,6.32455532033676,9.4339811320566,8,2.23606797749979,8.48528137423857,7.61577310586391,6.32455532033676
"119",119,284,149,394,162,163,75,119,267,156,391,167,119,266,160,390,167,18.3847763108502,5.8309518948453,21.095023109729,6.40312423743285,4.12310562561766,1,18.3847763108502,5.8309518948453
"120",120,261,149,394,162,163,75,120,267,153,392,164,120,267,156,391,166,7.21110255092798,2.82842712474619,9.21954445729289,5,3,2.23606797749979,7.21110255092798,2.82842712474619
"121",121,247,152,398,164,163,75,121,257,158,395,168,121,256,159,393,172,11.6619037896906,5,11.4017542509914,9.4339811320566,1.4142135623731,4.47213595499958,11.4017542509914,5
"122",122,247,153,399,165,163,75,122,251,165,397,171,122,251,162,397,175,12.6491106406735,6.32455532033676,9.8488578017961,10.1980390271856,3,4,9.8488578017961,6.32455532033676
"123",123,240,156,402,166,163,75,123,251,164,401,176,123,251,164,401,179,13.6014705087354,10.0498756211209,13.6014705087354,13.0384048104053,0,3,13.6014705087354,10.0498756211209
"124",124,251,156,410,180,163,75,124,251,164,407,186,124,250,164,401,187,8,6.70820393249937,8.06225774829855,11.4017542509914,1,6.08276253029822,8,6.70820393249937
"125",125,253,151,411,180,163,75,125,257,159,411,192,125,259,158,406,190,8.94427190999916,12,9.21954445729289,11.1803398874989,2.23606797749979,5.3851648071345,8.94427190999916,11.1803398874989
"126",126,272,149,423,196,163,75,126,271,154,412,197,126,279,155,409,197,5.09901951359278,11.0453610171873,9.21954445729289,14.0356688476182,8.06225774829855,3,5.09901951359278,11.0453610171873
"127",127,287,149,423,200,163,75,127,285,157,414,200,127,287,157,410,198,8.24621125123532,9,8,13.1529464379659,2,4.47213595499958,8,9
"128",128,287,153,423,203,163,75,128,287,157,414,202,128,287,161,410,201,4,9.05538513813742,8,13.1529464379659,4,4.12310562561766,4,9.05538513813742
"129",129,287,155,420,205,163,75,129,289,160,414,205,129,290,161,412,210,5.3851648071345,6,6.70820393249937,9.4339811320566,1.4142135623731,5.3851648071345,5.3851648071345,6
"130",130,274,157,420,205,163,75,130,277,164,415,210,130,274,166,412,210,7.61577310586391,7.07106781186548,9,9.4339811320566,3.60555127546399,3,7.61577310586391,7.07106781186548
"131",131,262,158,421,206,163,75,131,263,165,415,210,131,266,167,412,210,7.07106781186548,7.21110255092798,9.8488578017961,9.8488578017961,3.60555127546399,3,7.07106781186548,7.21110255092798
"132",132,243,169,422,206,163,75,132,244,176,415,210,132,250,172,412,210,7.07106781186548,8.06225774829855,7.61577310586391,10.770329614269,7.21110255092798,3,7.07106781186548,8.06225774829855
"133",133,233,176,421,206,163,75,133,236,180,415,206,133,239,182,412,205,5,6,8.48528137423857,9.05538513813742,3.60555127546399,3.16227766016838,5,6
"134",134,225,182,417,193,163,75,134,227,188,414,199,134,233,188,413,199,6.32455532033676,6.70820393249937,10,7.21110255092798,6,1,6.32455532033676,6.70820393249937
"135",135,221,188,411,180,163,75,135,227,192,406,184,135,224,194,403,187,7.21110255092798,6.40312423743285,6.70820393249937,10.6301458127346,3.60555127546399,4.24264068711928,6.70820393249937,6.40312423743285
"136",136,221,188,411,180,163,75,136,227,189,405,184,136,227,193,406,184,6.08276253029822,7.21110255092798,7.81024967590665,6.40312423743285,4,1,6.08276253029822,6.40312423743285
"137",137,248,172,388,154,163,75,137,252,173,382,158,137,251,173,382,166,4.12310562561766,7.21110255092798,3.16227766016838,13.4164078649987,1,8,3.16227766016838,7.21110255092798
"138",138,256,161,374,146,163,75,138,265,167,373,152,138,262,169,370,159,10.816653826392,6.08276253029822,10,13.6014705087354,3.60555127546399,7.61577310586391,10,6.08276253029822
"139",139,267,161,374,146,163,75,139,271,168,369,146,139,269,167,367,149,8.06225774829855,5,6.32455532033676,7.61577310586391,2.23606797749979,3.60555127546399,6.32455532033676,5
"140",140,270,161,381,148,163,75,140,282,164,378,154,140,282,167,375,154,12.369316876853,6.70820393249937,13.4164078649987,8.48528137423857,3,3,12.369316876853,6.70820393249937
"141",141,276,161,381,148,163,75,141,281,166,378,154,141,281,168,380,155,7.07106781186548,6.70820393249937,8.60232526704263,7.07106781186548,2,2.23606797749979,7.07106781186548,6.70820393249937
"142",142,284,156,403,168,163,75,142,282,165,400,180,142,280,168,399,176,9.21954445729289,12.369316876853,12.6491106406735,8.94427190999916,3.60555127546399,4.12310562561766,9.21954445729289,8.94427190999916
"143",143,285,156,418,196,163,75,143,285,161,412,200,143,284,160,411,203,5,7.21110255092798,4.12310562561766,9.89949493661167,1.4142135623731,3.16227766016838,4.12310562561766,7.21110255092798
"144",144,285,156,419,204,163,75,144,285,161,413,203,144,284,160,406,205,5,6.08276253029822,4.12310562561766,13.0384048104053,1.4142135623731,7.28010988928052,4.12310562561766,6.08276253029822
"145",145,277,156,419,212,163,75,145,270,164,418,220,145,269,160,408,217,10.6301458127346,8.06225774829855,8.94427190999916,12.0830459735946,4.12310562561766,10.4403065089106,8.94427190999916,8.06225774829855
"146",146,254,157,425,231,163,75,146,259,168,422,231,146,257,166,417,232,12.0830459735946,3,9.48683298050514,8.06225774829855,2.82842712474619,5.09901951359278,9.48683298050514,3
"147",147,241,167,425,243,163,75,147,249,171,422,237,147,257,166,417,236,8.94427190999916,6.70820393249937,16.0312195418814,10.6301458127346,9.4339811320566,5.09901951359278,8.94427190999916,6.70820393249937
"148",148,235,167,424,243,163,75,148,239,177,421,243,148,239,177,417,236,10.770329614269,3,10.770329614269,9.89949493661167,0,8.06225774829855,10.770329614269,3
"149",149,227,176,424,243,163,75,149,227,188,421,242,149,228,188,415,239,12,3.16227766016838,12.0415945787923,9.8488578017961,1,6.70820393249937,12,3.16227766016838
"150",150,223,177,424,239,163,75,150,228,186,417,240,150,227,188,421,240,10.295630140987,7.07106781186548,11.7046999107196,3.16227766016838,2.23606797749979,4,10.295630140987,3.16227766016838
"151",151,223,185,425,238,163,75,151,227,187,416,238,151,227,188,421,240,4.47213595499958,9,5,4.47213595499958,1,5.3851648071345,4.47213595499958,4.47213595499958
"152",152,221,189,425,238,163,75,152,227,187,416,235,152,225,195,421,237,6.32455532033676,9.48683298050514,7.21110255092798,4.12310562561766,8.24621125123532,5.3851648071345,6.32455532033676,4.12310562561766
"153",153,216,204,425,236,163,75,153,221,205,416,235,153,223,215,420,233,5.09901951359278,9.05538513813742,13.0384048104053,5.8309518948453,10.1980390271856,4.47213595499958,5.09901951359278,5.8309518948453
"154",154,214,239,425,233,163,75,154,224,237,420,231,154,227,231,420,233,10.1980390271856,5.3851648071345,15.2643375224737,5,6.70820393249937,2,10.1980390271856,5
"155",155,214,257,425,233,163,75,155,224,253,420,231,155,223,253,420,233,10.770329614269,5.3851648071345,9.8488578017961,5,1,2,9.8488578017961,5
"156",156,218,270,425,232,163,75,156,225,267,420,231,156,227,267,420,233,7.61577310586391,5.09901951359278,9.48683298050514,5.09901951359278,2,2,7.61577310586391,5.09901951359278
"157",157,220,274,424,233,163,75,157,227,272,420,233,157,225,274,419,233,7.28010988928052,4,5,5,2.82842712474619,1,5,4
"158",158,221,276,424,230,163,75,158,228,277,420,234,158,226,277,419,233,7.07106781186548,5.65685424949238,5.09901951359278,5.8309518948453,2,1.4142135623731,5.09901951359278,5.65685424949238
"159",159,221,276,424,234,163,75,159,228,277,420,233,159,226,277,419,234,7.07106781186548,4.12310562561766,5.09901951359278,5,2,1.4142135623731,5.09901951359278,4.12310562561766
"160",160,223,270,427,234,163,75,160,232,273,420,233,160,226,277,418,229,9.48683298050514,7.07106781186548,7.61577310586391,10.295630140987,7.21110255092798,4.47213595499958,7.61577310586391,7.07106781186548
"161",161,221,268,427,234,163,75,161,234,262,420,229,161,230,264,418,229,14.3178210632764,8.60232526704263,9.8488578017961,10.295630140987,4.47213595499958,2,9.8488578017961,8.60232526704263
"162",162,222,254,422,213,163,75,162,239,248,417,213,162,226,251,418,217,18.0277563773199,5,5,5.65685424949238,13.3416640641263,4.12310562561766,5,5
"163",163,222,218,420,202,163,75,163,231,221,418,204,163,232,221,415,204,9.48683298050514,2.82842712474619,10.4403065089106,5.3851648071345,1,3,9.48683298050514,2.82842712474619
"164",164,223,207,415,184,163,75,164,237,211,413,191,164,233,205,411,197,14.560219778561,7.28010988928052,10.1980390271856,13.6014705087354,7.21110255092798,6.32455532033676,10.1980390271856,7.28010988928052
"165",165,225,180,409,179,163,75,165,245,183,407,184,165,248,183,409,189,20.2237484161567,5.3851648071345,23.1948270094864,10,3,5.3851648071345,20.2237484161567,5.3851648071345
"166",166,242,174,409,179,163,75,166,244,180,407,182,166,250,180,403,179,6.32455532033676,3.60555127546399,10,6,6,5,6.32455532033676,3.60555127546399
"167",167,251,166,409,179,163,75,167,254,172,407,180,167,252,169,403,184,6.70820393249937,2.23606797749979,3.16227766016838,7.81024967590665,3.60555127546399,5.65685424949238,3.16227766016838,2.23606797749979
"168",168,263,159,410,180,163,75,168,262,166,407,181,168,264,160,404,187,7.07106781186548,3.16227766016838,1.4142135623731,9.21954445729289,6.32455532033676,6.70820393249937,1.4142135623731,3.16227766016838
"169",169,272,156,410,180,163,75,169,274,162,407,181,169,276,159,404,187,6.32455532033676,3.16227766016838,5,9.21954445729289,3.60555127546399,6.70820393249937,5,3.16227766016838
"170",170,279,153,410,180,163,75,170,280,161,407,181,170,279,160,406,187,8.06225774829855,3.16227766016838,7,8.06225774829855,1.4142135623731,6.08276253029822,7,3.16227766016838
"171",171,287,154,408,177,163,75,171,291,162,403,181,171,293,162,406,187,8.94427190999916,6.40312423743285,10,10.1980390271856,2,6.70820393249937,8.94427190999916,6.40312423743285
"172",172,291,153,404,172,163,75,172,291,162,402,176,172,291,162,401,177,9,4.47213595499958,9,5.8309518948453,0,1.4142135623731,9,4.47213595499958
"173",173,291,153,397,164,163,75,173,291,162,402,176,173,291,162,390,167,9,13,9,7.61577310586391,0,15,9,7.61577310586391
"174",174,285,148,391,157,163,75,174,291,162,390,164,174,290,161,390,168,15.2315462117278,7.07106781186548,13.9283882771841,11.0453610171873,1.4142135623731,4,13.9283882771841,7.07106781186548
"175",175,284,144,391,157,163,75,175,291,162,392,161,175,287,156,390,168,19.313207915828,4.12310562561766,12.369316876853,11.0453610171873,7.21110255092798,7.28010988928052,12.369316876853,4.12310562561766
"176",176,273,148,402,162,163,75,176,278,155,400,168,176,281,156,390,168,8.60232526704263,6.32455532033676,11.3137084989848,13.4164078649987,3.16227766016838,10,8.60232526704263,6.32455532033676
"177",177,272,149,403,169,163,75,177,275,155,403,171,177,270,157,403,175,6.70820393249937,2,8.24621125123532,6,5.3851648071345,4,6.70820393249937,2
"178",178,255,157,407,169,163,75,178,260,164,403,176,178,262,161,403,181,8.60232526704263,8.06225774829855,8.06225774829855,12.6491106406735,3.60555127546399,5,8.06225774829855,8.06225774829855
"179",179,242,165,408,173,163,75,179,248,179,407,182,179,240,179,404,184,15.2315462117278,9.05538513813742,14.142135623731,11.7046999107196,8,3.60555127546399,14.142135623731,9.05538513813742
"180",180,242,166,411,177,163,75,180,244,180,408,187,180,244,179,409,188,14.142135623731,10.4403065089106,13.1529464379659,11.1803398874989,1,1.4142135623731,13.1529464379659,10.4403065089106
"181",181,243,166,411,184,163,75,181,244,180,408,191,181,244,179,407,190,14.0356688476182,7.61577310586391,13.0384048104053,7.21110255092798,1,1.4142135623731,13.0384048104053,7.21110255092798
"182",182,258,164,412,184,163,75,182,263,162,408,190,182,244,179,407,190,5.3851648071345,7.21110255092798,20.5182845286832,7.81024967590665,25.4950975679639,1,5.3851648071345,7.21110255092798
"183",183,291,155,412,184,163,75,183,289,160,408,189,183,244,179,407,190,5.3851648071345,6.40312423743285,52.773099207835,7.81024967590665,48.8466989672793,1.4142135623731,5.3851648071345,6.40312423743285
"184",184,291,155,413,186,163,75,184,296,162,408,191,184,244,179,407,190,8.60232526704263,7.07106781186548,52.773099207835,7.21110255092798,54.7083174663597,1.4142135623731,8.60232526704263,7.07106781186548
"185",185,296,157,413,188,163,75,185,300,162,408,191,185,297,164,409,194,6.40312423743285,5.8309518948453,7.07106781186548,7.21110255092798,3.60555127546399,3.16227766016838,6.40312423743285,5.8309518948453
"186",186,285,157,414,188,163,75,186,300,162,408,193,186,297,164,409,194,15.8113883008419,7.81024967590665,13.8924439894498,7.81024967590665,3.60555127546399,1.4142135623731,13.8924439894498,7.81024967590665
"187",187,279,153,415,189,163,75,187,280,160,411,198,187,297,164,409,194,7.07106781186548,9.8488578017961,21.095023109729,7.81024967590665,17.464249196573,4.47213595499958,7.07106781186548,7.81024967590665
"188",188,272,153,421,199,163,75,188,274,159,411,202,188,270,165,409,194,6.32455532033676,10.4403065089106,12.1655250605964,13,7.21110255092798,8.24621125123532,6.32455532033676,10.4403065089106
"189",189,264,156,423,204,163,75,189,265,162,414,208,189,263,169,415,209,6.08276253029822,9.8488578017961,13.0384048104053,9.4339811320566,7.28010988928052,1.4142135623731,6.08276253029822,9.4339811320566
"190",190,259,161,422,204,163,75,190,265,162,416,211,190,262,167,415,209,6.08276253029822,9.21954445729289,6.70820393249937,8.60232526704263,5.8309518948453,2.23606797749979,6.08276253029822,8.60232526704263
"191",191,253,161,423,211,163,75,191,254,166,416,215,191,256,170,415,218,5.09901951359278,8.06225774829855,9.48683298050514,10.6301458127346,4.47213595499958,3.16227766016838,5.09901951359278,8.06225774829855
"192",192,252,161,423,213,163,75,192,245,171,416,217,192,250,177,415,218,12.2065556157337,8.06225774829855,16.1245154965971,9.4339811320566,7.81024967590665,1.4142135623731,12.2065556157337,8.06225774829855
"193",193,252,169,423,219,163,75,193,241,176,416,222,193,245,180,415,221,13.0384048104053,7.61577310586391,13.0384048104053,8.24621125123532,5.65685424949238,1.4142135623731,13.0384048104053,7.61577310586391
"194",194,239,172,423,219,163,75,194,241,176,419,221,194,245,180,415,223,4.47213595499958,4.47213595499958,10,8.94427190999916,5.65685424949238,4.47213595499958,4.47213595499958,4.47213595499958
"195",195,239,190,424,218,163,75,195,241,176,418,220,195,242,180,413,223,14.142135623731,6.32455532033676,10.4403065089106,12.0830459735946,4.12310562561766,5.8309518948453,10.4403065089106,6.32455532033676
"196",196,223,190,424,208,163,75,196,241,176,418,215,196,229,189,412,221,22.8035085019828,9.21954445729289,6.08276253029822,17.6918060129541,17.6918060129541,8.48528137423857,6.08276253029822,9.21954445729289
"197",197,219,194,422,208,163,75,197,223,198,418,209,197,226,203,412,210,5.65685424949238,4.12310562561766,11.4017542509914,10.1980390271856,5.8309518948453,6.08276253029822,5.65685424949238,4.12310562561766
"198",198,211,209,422,208,163,75,198,223,198,418,209,198,226,202,416,204,16.2788205960997,4.12310562561766,16.5529453572468,7.21110255092798,5,5.3851648071345,16.2788205960997,4.12310562561766
"199",199,211,211,419,197,163,75,199,218,206,417,202,199,218,210,409,202,8.60232526704263,5.3851648071345,7.07106781186548,11.1803398874989,4,8,7.07106781186548,5.3851648071345
"200",200,211,214,415,185,163,75,200,216,213,412,187,200,220,214,410,193,5.09901951359278,3.60555127546399,9,9.4339811320566,4.12310562561766,6.32455532033676,5.09901951359278,3.60555127546399
"201",201,211,212,408,173,163,75,201,216,213,404,179,201,218,217,406,182,5.09901951359278,7.21110255092798,8.60232526704263,9.21954445729289,4.47213595499958,3.60555127546399,5.09901951359278,7.21110255092798
"202",202,211,216,397,159,163,75,202,213,215,400,169,202,217,217,399,168,2.23606797749979,10.4403065089106,6.08276253029822,9.21954445729289,4.47213595499958,1.4142135623731,2.23606797749979,9.21954445729289
"203",203,209,216,396,154,163,75,203,213,217,394,162,203,217,217,392,166,4.12310562561766,8.24621125123532,8.06225774829855,12.6491106406735,4,4.47213595499958,4.12310562561766,8.24621125123532
"204",204,209,216,397,155,163,75,204,213,217,389,155,204,217,222,391,160,4.12310562561766,8,10,7.81024967590665,6.40312423743285,5.3851648071345,4.12310562561766,7.81024967590665
"205",205,209,224,397,155,163,75,205,213,225,390,158,205,216,225,390,160,4.12310562561766,7.61577310586391,7.07106781186548,8.60232526704263,3,2,4.12310562561766,7.61577310586391
"206",206,209,230,401,163,163,75,206,212,228,396,168,206,216,233,396,168,3.60555127546399,7.07106781186548,7.61577310586391,7.07106781186548,6.40312423743285,0,3.60555127546399,7.07106781186548
"207",207,209,233,412,186,163,75,207,212,228,410,189,207,216,233,404,190,5.8309518948453,3.60555127546399,7,8.94427190999916,6.40312423743285,6.08276253029822,5.8309518948453,3.60555127546399
"208",208,209,233,417,194,163,75,208,212,231,414,200,208,216,233,409,199,3.60555127546399,6.70820393249937,7,9.4339811320566,4.47213595499958,5.09901951359278,3.60555127546399,6.70820393249937
"209",209,209,234,421,206,163,75,209,212,233,420,213,209,216,233,416,221,3.16227766016838,7.07106781186548,7.07106781186548,15.8113883008419,4,8.94427190999916,3.16227766016838,7.07106781186548
"210",210,207,234,423,211,163,75,210,217,235,420,216,210,213,233,421,215,10.0498756211209,5.8309518948453,6.08276253029822,4.47213595499958,4.47213595499958,1.4142135623731,6.08276253029822,4.47213595499958
"211",211,209,235,423,213,163,75,211,216,235,419,216,211,213,233,420,217,7,5,4.47213595499958,5,3.60555127546399,1.4142135623731,4.47213595499958,5
"212",212,207,233,423,211,163,75,212,217,236,419,221,212,213,237,418,214,10.4403065089106,10.770329614269,7.21110255092798,5.8309518948453,4.12310562561766,7.07106781186548,7.21110255092798,5.8309518948453
"213",213,208,236,420,203,163,75,213,217,237,418,215,213,213,237,411,205,9.05538513813742,12.1655250605964,5.09901951359278,9.21954445729289,4,12.2065556157337,5.09901951359278,9.21954445729289
"214",214,207,233,405,178,163,75,214,217,237,404,184,214,213,237,401,183,10.770329614269,6.08276253029822,7.21110255092798,6.40312423743285,4,3.16227766016838,7.21110255092798,6.08276253029822
"215",215,208,233,395,166,163,75,215,219,232,383,170,215,215,232,383,170,11.0453610171873,12.6491106406735,7.07106781186548,12.6491106406735,4,0,7.07106781186548,12.6491106406735
"216",216,211,210,383,155,163,75,216,223,217,376,162,216,219,220,370,165,13.8924439894498,9.89949493661167,12.8062484748657,16.4012194668567,5,6.70820393249937,12.8062484748657,9.89949493661167
"217",217,221,191,373,153,163,75,217,237,184,372,159,217,239,182,373,165,17.464249196573,6.08276253029822,20.1246117974981,12,2.82842712474619,6.08276253029822,17.464249196573,6.08276253029822
"218",218,234,172,373,154,163,75,218,239,179,372,159,218,238,177,373,165,8.60232526704263,5.09901951359278,6.40312423743285,11,2.23606797749979,6.08276253029822,6.40312423743285,5.09901951359278
"219",219,235,171,374,153,163,75,219,239,175,372,159,219,238,177,373,165,5.65685424949238,6.32455532033676,6.70820393249937,12.0415945787923,2.23606797749979,6.08276253029822,5.65685424949238,6.32455532033676
"220",220,238,163,381,141,163,75,220,244,169,375,159,220,247,165,373,165,8.48528137423857,18.9736659610103,9.21954445729289,25.298221281347,5,6.32455532033676,8.48528137423857,18.9736659610103
"221",221,238,163,381,141,163,75,221,242,169,377,164,221,243,170,373,165,7.21110255092798,23.3452350598575,8.60232526704263,25.298221281347,1.4142135623731,4.12310562561766,7.21110255092798,23.3452350598575
"222",222,238,163,384,146,163,75,222,244,167,374,158,222,243,164,374,165,7.21110255092798,15.6204993518133,5.09901951359278,21.4709105535839,3.16227766016838,7,5.09901951359278,15.6204993518133
"223",223,237,161,388,152,163,75,223,245,165,385,158,223,243,166,386,161,8.94427190999916,6.70820393249937,7.81024967590665,9.21954445729289,2.23606797749979,3.16227766016838,7.81024967590665,6.70820393249937
"224",224,241,157,397,161,163,75,224,245,165,392,169,224,243,167,391,167,8.94427190999916,9.4339811320566,10.1980390271856,8.48528137423857,2.82842712474619,2.23606797749979,8.94427190999916,8.48528137423857
"225",225,241,157,414,184,163,75,225,245,165,407,184,225,243,167,408,186,8.94427190999916,7,10.1980390271856,6.32455532033676,2.82842712474619,2.23606797749979,8.94427190999916,6.32455532033676
"226",226,242,155,417,201,163,75,226,249,160,414,211,226,248,162,414,203,8.60232526704263,10.4403065089106,9.21954445729289,3.60555127546399,2.23606797749979,8,8.60232526704263,3.60555127546399
"227",227,243,155,424,214,163,75,227,252,158,424,218,227,252,160,421,220,9.48683298050514,4,10.295630140987,6.70820393249937,2,3.60555127546399,9.48683298050514,4
"228",228,247,155,425,234,163,75,228,252,160,422,227,228,252,160,416,229,7.07106781186548,7.61577310586391,7.07106781186548,10.295630140987,0,6.32455532033676,7.07106781186548,7.61577310586391
"229",229,247,166,425,235,163,75,229,260,182,422,236,229,252,172,415,232,20.6155281280883,3.16227766016838,7.81024967590665,10.4403065089106,12.8062484748657,8.06225774829855,7.81024967590665,3.16227766016838
"230",230,244,201,425,235,163,75,230,254,204,425,233,230,245,194,415,239,10.4403065089106,2,7.07106781186548,10.770329614269,13.4536240470737,11.6619037896906,7.07106781186548,2
"231",231,244,232,425,238,163,75,231,251,234,419,238,231,236,249,413,238,7.28010988928052,6,18.7882942280559,12,21.2132034355964,6,7.28010988928052,6
"232",232,243,258,425,240,163,75,232,254,249,419,243,232,230,254,413,238,14.2126704035519,6.70820393249937,13.6014705087354,12.1655250605964,24.5153013442625,7.81024967590665,13.6014705087354,6.70820393249937
"233",233,248,269,425,240,163,75,233,253,264,420,239,233,234,272,413,238,7.07106781186548,5.09901951359278,14.3178210632764,12.1655250605964,20.6155281280883,7.07106781186548,7.07106781186548,5.09901951359278
"234",234,249,269,425,240,163,75,234,252,266,420,239,234,238,276,413,238,4.24264068711928,5.09901951359278,13.0384048104053,12.1655250605964,17.2046505340853,7.07106781186548,4.24264068711928,5.09901951359278
"235",235,250,254,425,239,163,75,235,255,242,421,239,235,230,231,413,238,13,4,30.4795013082563,12.0415945787923,27.3130005674953,8.06225774829855,13,4
"236",236,253,208,419,222,163,75,236,255,227,422,226,236,239,192,413,238,19.1049731745428,5,21.2602916254693,17.0880074906351,38.4837628097877,15,19.1049731745428,5
"237",237,256,184,416,192,163,75,237,260,191,413,202,237,248,181,418,208,8.06225774829855,10.4403065089106,8.54400374531753,16.1245154965971,15.6204993518133,7.81024967590665,8.06225774829855,10.4403065089106
"238",238,259,164,412,180,163,75,238,260,171,405,179,238,259,166,402,182,7.07106781186548,7.07106781186548,2,10.1980390271856,5.09901951359278,4.24264068711928,2,7.07106781186548
"239",239,260,159,403,164,163,75,239,267,158,396,162,239,268,155,403,168,7.07106781186548,7.28010988928052,8.94427190999916,4,3.16227766016838,9.21954445729289,7.07106781186548,4
"240",240,266,153,403,164,163,75,240,268,158,393,182,240,268,157,397,170,5.3851648071345,20.591260281974,4.47213595499958,8.48528137423857,1,12.6491106406735,4.47213595499958,8.48528137423857
"241",241,266,153,413,180,163,75,241,268,158,404,191,241,268,157,411,189,5.3851648071345,14.2126704035519,4.47213595499958,9.21954445729289,1,7.28010988928052,4.47213595499958,9.21954445729289
"242",242,264,164,423,201,163,75,242,267,167,404,211,242,269,171,413,203,4.24264068711928,21.4709105535839,8.60232526704263,10.1980390271856,4.47213595499958,12.0415945787923,4.24264068711928,10.1980390271856
"243",243,257,197,424,214,163,75,243,256,198,422,218,243,255,188,416,211,1.4142135623731,4.47213595499958,9.21954445729289,8.54400374531753,10.0498756211209,9.21954445729289,1.4142135623731,4.47213595499958
"244",244,244,261,424,214,163,75,244,252,256,420,217,244,250,250,415,206,9.4339811320566,5,12.5299640861417,12.0415945787923,6.32455532033676,12.0830459735946,9.4339811320566,5
"245",245,241,272,423,208,163,75,245,252,268,417,208,245,250,270,415,206,11.7046999107196,6,9.21954445729289,8.24621125123532,2.82842712474619,2.82842712474619,9.21954445729289,6
"246",246,240,272,412,180,163,75,246,250,270,403,180,246,248,271,400,179,10.1980390271856,9,8.06225774829855,12.0415945787923,2.23606797749979,3.16227766016838,8.06225774829855,9
"247",247,232,253,390,150,163,75,247,241,244,385,157,247,234,237,388,157,12.7279220613579,8.60232526704263,16.1245154965971,7.28010988928052,9.89949493661167,3,12.7279220613579,7.28010988928052
"248",248,228,175,382,140,163,75,248,235,182,363,144,248,231,176,362,143,9.89949493661167,19.4164878389476,3.16227766016838,20.2237484161567,7.21110255092798,1.4142135623731,3.16227766016838,19.4164878389476
"249",249,228,167,363,135,163,75,249,235,171,366,164,249,237,167,367,157,8.06225774829855,29.1547594742265,9,22.3606797749979,4.47213595499958,7.07106781186548,8.06225774829855,22.3606797749979
"250",250,236,158,363,135,163,75,250,239,164,375,187,250,242,168,380,181,6.70820393249937,53.3666562565053,11.6619037896906,49.0407993409569,5,7.81024967590665,6.70820393249937,49.0407993409569
"251",251,236,157,390,202,163,75,251,241,159,387,204,251,241,158,390,200,5.3851648071345,3.60555127546399,5.09901951359278,2,1,5,5.09901951359278,2
"252",252,236,157,407,205,163,75,252,240,164,396,210,252,239,166,396,213,8.06225774829855,12.0830459735946,9.48683298050514,13.6014705087354,2.23606797749979,3,8.06225774829855,12.0830459735946
"253",253,237,168,416,210,163,75,253,239,178,411,214,253,235,172,408,217,10.1980390271856,6.40312423743285,4.47213595499958,10.6301458127346,7.21110255092798,4.24264068711928,4.47213595499958,6.40312423743285
"254",254,238,200,419,232,163,75,254,236,198,418,233,254,234,197,408,217,2.82842712474619,1.4142135623731,5,18.6010752377383,2.23606797749979,18.8679622641132,2.82842712474619,1.4142135623731
"255",255,239,211,424,239,163,75,255,245,225,418,240,255,230,203,415,242,15.2315462117278,6.08276253029822,12.0415945787923,9.48683298050514,26.6270539113887,3.60555127546399,12.0415945787923,6.08276253029822
"256",256,239,211,424,239,163,75,256,247,224,417,240,256,215,201,417,243,15.2643375224737,7.07106781186548,26,8.06225774829855,39.4081209904761,3,15.2643375224737,7.07106781186548
"257",257,241,199,424,243,163,75,257,246,214,416,240,257,222,198,417,243,15.8113883008419,8.54400374531753,19.0262975904404,7,28.8444102037119,3.16227766016838,15.8113883008419,7
"258",258,244,174,424,244,163,75,258,250,189,413,244,258,232,178,417,242,16.1554944214035,11,12.6491106406735,7.28010988928052,21.095023109729,4.47213595499958,12.6491106406735,7.28010988928052
"259",259,247,174,424,248,163,75,259,256,177,419,250,259,242,161,416,245,9.48683298050514,5.3851648071345,13.9283882771841,8.54400374531753,21.2602916254693,5.8309518948453,9.48683298050514,5.3851648071345
"260",260,258,176,423,251,163,75,260,255,179,419,250,260,246,159,416,245,4.24264068711928,4.12310562561766,20.8086520466848,9.21954445729289,21.9317121994613,5.8309518948453,4.24264068711928,4.12310562561766
"262",262,257,251,423,251,163,75,262,256,248,415,250,262,205,267,413,250,3.16227766016838,8.06225774829855,54.4058820349418,10.0498756211209,54.4242592967511,2,3.16227766016838,8.06225774829855
"263",263,249,262,423,244,163,75,263,256,253,416,242,263,183,266,413,249,11.4017542509914,7.28010988928052,66.1211010192662,11.1803398874989,74.1484996476665,7.61577310586391,11.4017542509914,7.28010988928052
"264",264,249,281,423,242,163,75,264,261,270,419,233,264,215,306,413,243,16.2788205960997,9.8488578017961,42.2018956920184,10.0498756211209,58.4123274660409,11.6619037896906,16.2788205960997,9.8488578017961
"265",265,249,284,419,215,163,75,265,261,279,410,215,265,221,313,421,222,13,9,40.3112887414927,7.28010988928052,52.4976189936268,13.0384048104053,13,7.28010988928052
"266",266,248,284,422,204,163,75,266,263,281,415,194,266,227,322,418,201,15.2970585407784,12.2065556157337,43.4165866921848,5,54.561891462815,7.61577310586391,15.2970585407784,5
"267",267,252,259,422,204,163,75,267,257,255,416,205,267,203,259,413,193,6.40312423743285,6.08276253029822,49,14.2126704035519,54.1479454827235,12.369316876853,6.40312423743285,6.08276253029822
"268",268,248,217,425,217,163,75,268,257,211,418,220,268,198,254,413,211,10.816653826392,7.61577310586391,62.2012861603359,13.4164078649987,73.0068489937759,10.295630140987,10.816653826392,7.61577310586391
"269",269,252,197,425,225,163,75,269,270,171,419,239,269,248,141,415,238,31.6227766016838,15.2315462117278,56.1426753904728,16.4012194668567,37.2021504754766,4.12310562561766,31.6227766016838,15.2315462117278
"270",270,263,164,423,240,163,75,270,267,169,417,238,270,253,159,416,237,6.40312423743285,6.32455532033676,11.1803398874989,7.61577310586391,17.2046505340853,1.4142135623731,6.40312423743285,6.32455532033676
"271",271,267,158,422,247,163,75,271,274,162,417,245,271,260,159,415,249,8.06225774829855,5.3851648071345,7.07106781186548,7.28010988928052,14.3178210632764,4.47213595499958,7.07106781186548,5.3851648071345
"272",272,274,158,420,247,163,75,272,279,160,414,248,272,272,149,415,249,5.3851648071345,6.08276253029822,9.21954445729289,5.3851648071345,13.0384048104053,1.4142135623731,5.3851648071345,5.3851648071345
"275",275,248,240,382,157,163,75,275,252,234,386,167,275,203,228,387,181,7.21110255092798,10.770329614269,46.5725240887801,24.5153013442625,49.3659801887899,14.0356688476182,7.21110255092798,10.770329614269
"276",276,236,244,363,148,163,75,276,246,246,359,159,276,211,242,374,166,10.1980390271856,11.7046999107196,25.0798724079689,21.095023109729,35.2278299076171,16.5529453572468,10.1980390271856,11.7046999107196
"277",277,236,252,362,156,163,75,277,244,249,362,148,277,208,249,362,155,8.54400374531753,8,28.1602556806574,1,36,7,8.54400374531753,1
"280",280,237,228,405,224,163,75,280,239,214,401,225,280,205,236,397,222,14.142135623731,4.12310562561766,32.9848450049413,8.24621125123532,40.4969134626332,5,14.142135623731,4.12310562561766
"281",281,243,190,410,235,163,75,281,252,189,401,231,281,215,183,397,233,9.05538513813742,9.8488578017961,28.8617393793236,13.1529464379659,37.4833296279826,4.47213595499958,9.05538513813742,9.8488578017961
"282",282,245,185,415,236,163,75,282,264,177,407,237,282,244,156,402,236,20.6155281280883,8.06225774829855,29.0172362570938,13,29,5.09901951359278,20.6155281280883,8.06225774829855
"283",283,261,153,417,245,163,75,283,263,157,407,239,283,254,148,408,239,4.47213595499958,11.6619037896906,8.60232526704263,10.816653826392,12.7279220613579,1,4.47213595499958,10.816653826392
"284",284,266,151,417,245,163,75,284,267,155,408,244,284,263,143,412,245,4.12310562561766,9.05538513813742,8.54400374531753,5,12.6491106406735,4.12310562561766,4.12310562561766,5
"285",285,271,151,417,243,163,75,285,271,156,411,245,285,265,145,412,245,5,6.32455532033676,8.48528137423857,5.3851648071345,12.5299640861417,1,5,5.3851648071345
"286",286,271,161,417,239,163,75,286,271,167,407,233,286,254,152,412,245,6,11.6619037896906,19.2353840616713,7.81024967590665,22.6715680975093,13,6,7.81024967590665
"287",287,266,168,400,162,163,75,287,273,170,395,172,287,254,152,412,245,7.28010988928052,11.1803398874989,20,83.86298349093,26.1725046566048,74.953318805774,7.28010988928052,11.1803398874989
"288",288,265,168,400,162,163,75,288,271,173,395,172,288,246,154,408,244,7.81024967590665,11.1803398874989,23.6008474424119,82.3893196961839,31.4006369362152,73.1641988953614,7.81024967590665,11.1803398874989
"289",289,265,156,390,146,163,75,289,266,162,386,154,289,246,154,384,161,6.08276253029822,8.94427190999916,19.1049731745428,16.1554944214035,21.540659228538,7.28010988928052,6.08276253029822,8.94427190999916
"290",290,265,144,385,142,163,75,290,269,158,379,150,290,255,137,372,150,14.560219778561,10,12.2065556157337,15.2643375224737,25.2388589282479,7,12.2065556157337,10
"291",291,275,140,382,141,163,75,291,272,149,378,155,291,256,134,376,158,9.48683298050514,14.560219778561,19.9248588451713,18.0277563773199,21.9317121994613,3.60555127546399,9.48683298050514,14.560219778561
"292",292,275,140,385,141,163,75,292,274,145,389,150,292,257,127,383,159,5.09901951359278,9.8488578017961,22.2036033111745,18.1107702762748,24.7588368062799,10.816653826392,5.09901951359278,9.8488578017961
"293",293,274,145,395,152,163,75,293,273,149,400,166,293,258,123,384,161,4.12310562561766,14.8660687473185,27.2029410174709,14.2126704035519,30.0166620396073,16.7630546142402,4.12310562561766,14.2126704035519
"294",294,270,162,408,161,163,75,294,257,172,403,173,294,253,136,405,177,16.4012194668567,13,31.0644491340181,16.2788205960997,36.2215405525497,4.47213595499958,16.4012194668567,13
"295",295,260,194,408,167,163,75,295,258,186,404,176,295,241,147,405,183,8.24621125123532,9.8488578017961,50.6951674225463,16.2788205960997,42.5440947723653,7.07106781186548,8.24621125123532,9.8488578017961
"296",296,257,194,406,161,163,75,296,258,218,401,167,296,241,147,401,175,24.0208242989286,7.81024967590665,49.6487663492256,14.8660687473185,73.0068489937759,8,24.0208242989286,7.81024967590665
"297",297,255,187,385,144,163,75,297,262,192,381,150,297,234,150,388,160,8.60232526704263,7.21110255092798,42.5440947723653,16.2788205960997,50.4777178564959,12.2065556157337,8.60232526704263,7.21110255092798
"298",298,251,163,371,138,163,75,298,261,179,366,141,298,249,132,388,160,18.8679622641132,5.8309518948453,31.0644491340181,27.8028775489157,48.5077313425396,29.0688837074973,18.8679622641132,5.8309518948453
"299",299,250,153,367,138,163,75,299,254,154,375,166,299,241,131,385,149,4.12310562561766,29.1204395571221,23.7697286480094,21.095023109729,26.4196896272458,19.723082923316,4.12310562561766,21.095023109729
"4658",2,241,284,420,258,150,62,2,248,273,418,259,2,233,264,413,256,13.0384048104053,2.23606797749979,21.540659228538,7.28010988928052,17.4928556845359,5.8309518948453,13.0384048104053,2.23606797749979
"4659",3,241,299,422,267,150,62,3,249,281,418,261,3,236,272,413,256,19.6977156035922,7.21110255092798,27.459060435492,14.2126704035519,15.8113883008419,7.07106781186548,19.6977156035922,7.21110255092798
"4660",4,241,301,422,269,150,62,4,250,287,414,269,4,240,280,413,256,16.6433169770932,8,21.0237960416286,15.8113883008419,12.2065556157337,13.0384048104053,16.6433169770932,8
"4661",5,246,302,420,269,150,62,5,249,294,414,268,5,239,288,413,260,8.54400374531753,6.08276253029822,15.6524758424985,11.4017542509914,11.6619037896906,8.06225774829855,8.54400374531753,6.08276253029822
"4662",6,251,304,420,269,150,62,6,250,299,414,268,6,241,293,410,272,5.09901951359278,6.08276253029822,14.8660687473185,10.4403065089106,10.816653826392,5.65685424949238,5.09901951359278,6.08276253029822
"4663",7,254,304,416,269,150,62,7,256,303,413,268,7,243,303,410,272,2.23606797749979,3.16227766016838,11.0453610171873,6.70820393249937,13,5,2.23606797749979,3.16227766016838
"4664",8,259,308,416,269,150,62,8,261,304,413,268,8,248,309,410,272,4.47213595499958,3.16227766016838,11.0453610171873,6.70820393249937,13.9283882771841,5,4.47213595499958,3.16227766016838
"4665",9,259,308,416,270,150,62,9,262,304,412,269,9,250,315,410,272,5,4.12310562561766,11.4017542509914,6.32455532033676,16.2788205960997,3.60555127546399,5,4.12310562561766
"4666",10,261,311,414,274,150,62,10,264,307,412,269,10,250,315,410,272,5,5.3851648071345,11.7046999107196,4.47213595499958,16.1245154965971,3.60555127546399,5,4.47213595499958
"4667",11,261,311,412,277,150,62,11,264,307,407,274,11,250,315,410,272,5,5.8309518948453,11.7046999107196,5.3851648071345,16.1245154965971,3.60555127546399,5,5.3851648071345
"4668",12,257,308,410,279,150,62,12,261,302,407,278,12,250,315,410,272,7.21110255092798,3.16227766016838,9.89949493661167,7,17.0293863659264,6.70820393249937,7.21110255092798,3.16227766016838
"4669",13,243,296,408,282,150,62,13,249,292,407,280,13,250,315,410,272,7.21110255092798,2.23606797749979,20.2484567313166,10.1980390271856,23.0217288664427,8.54400374531753,7.21110255092798,2.23606797749979
"4670",14,221,271,407,282,150,62,14,246,281,403,282,14,239,292,403,279,26.9258240356725,4,27.6586333718787,5,13.0384048104053,3,26.9258240356725,4
"4671",15,215,269,407,283,150,62,15,227,267,403,282,15,231,266,403,279,12.1655250605964,4.12310562561766,16.2788205960997,5.65685424949238,4.12310562561766,3,12.1655250605964,4.12310562561766
"4672",16,215,267,408,282,150,62,16,223,264,402,277,16,215,248,403,279,8.54400374531753,7.81024967590665,19,5.8309518948453,17.8885438199983,2.23606797749979,8.54400374531753,5.8309518948453
"4673",17,216,269,408,260,150,62,17,223,267,405,261,17,210,248,403,279,7.28010988928052,3.16227766016838,21.8403296678416,19.6468827043885,23.0217288664427,18.1107702762748,7.28010988928052,3.16227766016838
"4674",18,222,282,386,196,150,62,18,225,280,389,204,18,228,281,401,201,3.60555127546399,8.54400374531753,6.08276253029822,15.8113883008419,3.16227766016838,12.369316876853,3.60555127546399,8.54400374531753
"4675",19,224,285,374,190,150,62,19,225,285,367,198,19,228,281,401,198,1,10.6301458127346,5.65685424949238,28.1602556806574,5,34,1,10.6301458127346
"4676",20,224,285,373,186,150,62,20,227,281,355,192,20,227,281,373,162,5,18.9736659610103,5,24,0,34.9857113690718,5,18.9736659610103
"4679",23,210,209,398,261,150,62,23,219,209,390,257,23,212,204,425,265,9,8.94427190999916,5.3851648071345,27.2946881279124,8.60232526704263,35.9026461420325,5.3851648071345,8.94427190999916
"4680",24,210,187,404,271,150,62,24,220,197,396,265,24,212,204,413,276,14.142135623731,10,17.1172427686237,10.295630140987,10.6301458127346,20.2484567313166,14.142135623731,10
"4681",25,210,187,405,273,150,62,25,223,189,400,268,25,212,204,413,276,13.1529464379659,7.07106781186548,17.1172427686237,8.54400374531753,18.6010752377383,15.2643375224737,13.1529464379659,7.07106781186548
"4682",26,208,205,405,271,150,62,26,215,209,403,268,26,214,211,413,276,8.06225774829855,3.60555127546399,8.48528137423857,9.4339811320566,2.23606797749979,12.8062484748657,8.06225774829855,3.60555127546399
"4683",27,206,213,409,264,150,62,27,212,218,400,261,27,207,225,413,276,7.81024967590665,9.48683298050514,12.0415945787923,12.6491106406735,8.60232526704263,19.8494332412792,7.81024967590665,9.48683298050514
"4684",28,206,220,409,241,150,62,28,212,226,410,239,28,207,225,412,260,8.48528137423857,2.23606797749979,5.09901951359278,19.2353840616713,5.09901951359278,21.095023109729,5.09901951359278,2.23606797749979
"4685",29,206,213,409,207,150,62,29,215,216,407,202,29,207,225,412,201,9.48683298050514,5.3851648071345,12.0415945787923,6.70820393249937,12.0415945787923,5.09901951359278,9.48683298050514,5.3851648071345
"4686",30,208,205,408,198,150,62,30,219,214,401,202,30,216,209,408,193,14.2126704035519,8.06225774829855,8.94427190999916,5,5.8309518948453,11.4017542509914,8.94427190999916,5
"4687",31,218,178,401,176,150,62,31,228,189,392,182,31,217,209,408,193,14.8660687473185,10.816653826392,31.0161248385416,18.3847763108502,22.8254244210267,19.4164878389476,14.8660687473185,10.816653826392
"4688",32,230,159,384,155,150,62,32,237,170,382,170,32,221,206,408,193,13.0384048104053,15.1327459504216,47.8539444560216,44.9444101084885,39.3954312071844,34.7131099154196,13.0384048104053,15.1327459504216
"4689",33,242,154,376,154,150,62,33,243,161,372,167,33,244,170,370,168,7.07106781186548,13.6014705087354,16.1245154965971,15.2315462117278,9.05538513813742,2.23606797749979,7.07106781186548,13.6014705087354
"4690",34,243,154,367,153,150,62,34,248,153,359,166,34,244,171,370,168,5.09901951359278,15.2643375224737,17.0293863659264,15.2970585407784,18.4390889145858,11.1803398874989,5.09901951359278,15.2643375224737
"4691",35,243,151,347,152,150,62,35,249,158,355,161,35,250,162,368,168,9.21954445729289,12.0415945787923,13.0384048104053,26.4007575648882,4.12310562561766,14.7648230602334,9.21954445729289,12.0415945787923
"4692",37,243,156,347,144,150,62,37,246,162,345,156,37,250,162,354,160,6.70820393249937,12.1655250605964,9.21954445729289,17.464249196573,4,9.8488578017961,6.70820393249937,12.1655250605964
"4693",38,251,151,347,144,150,62,38,251,162,345,156,38,250,162,354,160,11,12.1655250605964,11.0453610171873,17.464249196573,1,9.8488578017961,11,12.1655250605964
"4694",39,252,154,365,144,150,62,39,259,160,354,152,39,250,162,351,160,9.21954445729289,13.6014705087354,8.24621125123532,21.2602916254693,9.21954445729289,8.54400374531753,8.24621125123532,13.6014705087354
"4695",40,252,154,378,149,150,62,40,262,159,378,154,40,250,162,352,158,11.1803398874989,5,8.24621125123532,27.5136329843952,12.369316876853,26.3058928759318,8.24621125123532,5
"4696",41,233,162,384,150,150,62,41,244,170,383,164,41,263,157,396,165,13.6014705087354,14.0356688476182,30.4138126514911,19.2093727122985,23.0217288664427,13.0384048104053,13.6014705087354,14.0356688476182
"4697",42,232,180,399,164,150,62,42,236,190,396,171,42,263,157,392,165,10.770329614269,7.61577310586391,38.6005181312376,7.07106781186548,42.6380112106557,7.21110255092798,10.770329614269,7.07106781186548
"4698",43,232,180,404,167,150,62,43,227,199,403,176,43,263,157,397,179,19.6468827043885,9.05538513813742,38.6005181312376,13.8924439894498,55.3172667437573,6.70820393249937,19.6468827043885,9.05538513813742
"4699",44,232,170,404,167,150,62,44,234,184,403,177,44,235,195,401,177,14.142135623731,10.0498756211209,25.1793566240283,10.4403065089106,11.0453610171873,2,14.142135623731,10.0498756211209
"4700",45,243,156,398,161,150,62,45,248,169,397,170,45,250,172,401,177,13.9283882771841,9.05538513813742,17.464249196573,16.2788205960997,3.60555127546399,8.06225774829855,13.9283882771841,9.05538513813742
"4701",46,250,155,392,153,150,62,46,251,162,390,160,46,250,172,396,175,7.07106781186548,7.28010988928052,17,22.3606797749979,10.0498756211209,16.1554944214035,7.07106781186548,7.28010988928052
"4702",47,255,147,388,153,150,62,47,261,154,389,158,47,249,172,390,156,9.21954445729289,5.09901951359278,25.7099202643649,3.60555127546399,21.6333076527839,2.23606797749979,9.21954445729289,3.60555127546399
"4703",48,265,147,388,152,150,62,48,265,153,388,158,48,262,154,388,155,6,6,7.61577310586391,3,3.16227766016838,3,6,3
"4704",49,265,158,397,152,150,62,49,259,168,394,167,49,272,148,388,155,11.6619037896906,15.2970585407784,12.2065556157337,9.48683298050514,23.8537208837531,13.4164078649987,11.6619037896906,9.48683298050514
"4705",50,256,177,403,168,150,62,50,256,184,398,171,50,246,180,400,171,7,5.8309518948453,10.4403065089106,4.24264068711928,10.770329614269,2,7,4.24264068711928
"4706",51,251,194,407,175,150,62,51,257,199,405,176,51,244,184,400,171,7.81024967590665,2.23606797749979,12.2065556157337,8.06225774829855,19.8494332412792,7.07106781186548,7.81024967590665,2.23606797749979
"4707",52,251,194,411,182,150,62,52,256,199,407,180,52,244,184,411,182,7.07106781186548,4.47213595499958,12.2065556157337,0,19.2093727122985,4.47213595499958,7.07106781186548,0
"4708",53,251,193,413,186,150,62,53,252,197,407,186,53,246,184,411,182,4.12310562561766,6,10.295630140987,4.47213595499958,14.3178210632764,5.65685424949238,4.12310562561766,4.47213595499958
"4709",54,257,161,412,186,150,62,54,262,164,410,188,54,246,184,410,184,5.8309518948453,2.82842712474619,25.4950975679639,2.82842712474619,25.6124969497314,4,5.8309518948453,2.82842712474619
"4710",55,278,147,413,186,150,62,55,282,152,410,189,55,250,178,410,184,6.40312423743285,4.24264068711928,41.7731971484108,3.60555127546399,41.2310562561766,5,6.40312423743285,3.60555127546399
"4711",56,290,147,414,186,150,62,56,291,154,410,191,56,267,157,410,190,7.07106781186548,6.40312423743285,25.0798724079689,5.65685424949238,24.1867732448956,1,7.07106781186548,5.65685424949238
"4712",57,290,148,414,187,150,62,57,295,154,410,191,57,292,150,410,191,7.81024967590665,5.65685424949238,2.82842712474619,5.65685424949238,5,0,2.82842712474619,5.65685424949238
"4713",58,279,148,414,187,150,62,58,282,154,412,190,58,292,150,410,191,6.70820393249937,3.60555127546399,13.1529464379659,5.65685424949238,10.770329614269,2.23606797749979,6.70820393249937,3.60555127546399
"4714",59,269,150,415,187,150,62,59,259,161,413,198,59,255,159,410,191,14.8660687473185,11.1803398874989,16.6433169770932,6.40312423743285,4.47213595499958,7.61577310586391,14.8660687473185,6.40312423743285
"4715",60,258,155,418,196,150,62,60,260,161,413,199,60,261,166,409,194,6.32455532033676,5.8309518948453,11.4017542509914,9.21954445729289,5.09901951359278,6.40312423743285,6.32455532033676,5.8309518948453
"4716",61,249,169,419,202,150,62,61,250,176,415,206,61,261,166,417,201,7.07106781186548,5.65685424949238,12.369316876853,2.23606797749979,14.8660687473185,5.3851648071345,7.07106781186548,2.23606797749979
"4717",62,249,172,424,215,150,62,62,252,179,422,220,62,261,166,414,205,7.61577310586391,5.3851648071345,13.4164078649987,14.142135623731,15.8113883008419,17,7.61577310586391,5.3851648071345
"4718",63,258,169,424,224,150,62,63,260,179,422,223,63,264,183,425,217,10.1980390271856,2.23606797749979,15.2315462117278,7.07106781186548,5.65685424949238,6.70820393249937,10.1980390271856,2.23606797749979
"4719",64,260,163,429,226,150,62,64,272,172,422,225,64,264,183,424,228,15,7.07106781186548,20.3960780543711,5.3851648071345,13.6014705087354,3.60555127546399,15,5.3851648071345
"4720",65,268,157,425,231,150,62,65,273,171,422,226,65,265,179,424,233,14.8660687473185,5.8309518948453,22.2036033111745,2.23606797749979,11.3137084989848,7.28010988928052,14.8660687473185,2.23606797749979
"4721",66,264,156,425,232,150,62,66,274,170,422,232,66,265,178,424,233,17.2046505340853,3,22.0227155455452,1.4142135623731,12.0415945787923,2.23606797749979,17.2046505340853,1.4142135623731
"4722",67,268,156,425,246,150,62,67,274,170,419,240,67,277,166,416,233,15.2315462117278,8.48528137423857,13.4536240470737,15.8113883008419,5,7.61577310586391,13.4536240470737,8.48528137423857
"4723",68,266,156,423,249,150,62,68,273,162,422,246,68,281,166,415,233,9.21954445729289,3.16227766016838,18.0277563773199,17.8885438199983,8.94427190999916,14.7648230602334,9.21954445729289,3.16227766016838
"4724",69,266,156,423,250,150,62,69,266,176,422,248,69,269,164,414,243,20,2.23606797749979,8.54400374531753,11.4017542509914,12.369316876853,9.4339811320566,8.54400374531753,2.23606797749979
"4725",70,262,178,422,252,150,62,70,266,189,417,254,70,266,158,415,248,11.7046999107196,5.3851648071345,20.3960780543711,8.06225774829855,31,6.32455532033676,11.7046999107196,5.3851648071345
"4726",71,256,212,421,258,150,62,71,265,210,417,259,71,254,198,415,251,9.21954445729289,4.12310562561766,14.142135623731,9.21954445729289,16.2788205960997,8.24621125123532,9.21954445729289,4.12310562561766
"4727",72,253,233,417,269,150,62,72,263,227,413,268,72,256,199,415,256,11.6619037896906,4.12310562561766,34.132096331752,13.1529464379659,28.8617393793236,12.1655250605964,11.6619037896906,4.12310562561766
"4728",73,253,241,415,272,150,62,73,262,235,411,269,73,254,199,414,266,10.816653826392,5,42.0119030752,6.08276253029822,36.8781778291715,4.24264068711928,10.816653826392,5
"4729",74,253,242,413,275,150,62,74,263,238,409,272,74,247,240,414,268,10.770329614269,5,6.32455532033676,7.07106781186548,16.1245154965971,6.40312423743285,6.32455532033676,5
"4730",75,255,242,413,275,150,62,75,266,245,408,268,75,246,242,414,273,11.4017542509914,8.60232526704263,9,2.23606797749979,20.2237484161567,7.81024967590665,9,2.23606797749979
"4731",76,255,236,413,272,150,62,76,271,231,408,269,76,239,221,416,271,16.7630546142402,5.8309518948453,21.9317121994613,3.16227766016838,33.5261092284804,8.24621125123532,16.7630546142402,3.16227766016838
"4732",77,256,188,413,272,150,62,77,271,209,407,268,77,245,179,416,271,25.8069758011279,7.21110255092798,14.2126704035519,3.16227766016838,39.6988664825584,9.48683298050514,14.2126704035519,3.16227766016838
"4733",78,261,185,410,276,150,62,78,273,193,404,273,78,244,169,416,271,14.422205101856,6.70820393249937,23.3452350598575,7.81024967590665,37.6430604494374,12.1655250605964,14.422205101856,6.70820393249937
"4734",79,267,188,410,276,150,62,79,271,195,404,274,79,255,162,416,271,8.06225774829855,6.32455532033676,28.6356421265527,7.81024967590665,36.6742416417845,12.369316876853,8.06225774829855,6.32455532033676
"4736",81,264,274,402,289,150,62,81,269,260,397,285,81,225,291,401,279,14.8660687473185,6.40312423743285,42.5440947723653,10.0498756211209,53.8237865631916,7.21110255092798,14.8660687473185,6.40312423743285
"4737",82,261,274,402,287,150,62,82,269,267,397,285,82,203,309,391,290,10.6301458127346,5.3851648071345,67.7421582177598,11.4017542509914,78.2304288624318,7.81024967590665,10.6301458127346,5.3851648071345
"4738",83,263,281,401,287,150,62,83,269,277,397,284,83,200,312,392,285,7.21110255092798,5,70.2139587261678,9.21954445729289,77.3692445355388,5.09901951359278,7.21110255092798,5
"4739",84,261,281,401,287,150,62,84,268,281,397,285,84,214,316,394,283,7,4.47213595499958,58.6003412959344,8.06225774829855,64.3506021727847,3.60555127546399,7,4.47213595499958
"4741",86,248,195,398,267,150,62,86,253,198,393,246,86,186,186,399,283,5.8309518948453,21.5870331449229,62.6498204307083,16.0312195418814,68.0661443009665,37.4833296279826,5.8309518948453,16.0312195418814
"4742",87,256,169,398,218,150,62,87,260,179,389,211,87,247,141,399,283,10.770329614269,11.4017542509914,29.4108823397055,65.00769185258,40.1621712560464,72.691127381545,10.770329614269,11.4017542509914
"4743",89,260,169,383,178,150,62,89,260,189,378,167,89,226,182,380,171,20,12.0830459735946,36.4005494464026,7.61577310586391,34.7131099154196,4.47213595499958,20,7.61577310586391
"4746",92,254,241,394,172,150,62,92,262,237,385,183,92,249,159,378,162,8.94427190999916,14.2126704035519,82.1522975941635,18.8679622641132,79.0759128938769,22.1359436211787,8.94427190999916,14.2126704035519
"4747",93,253,242,414,214,150,62,93,259,240,403,221,93,249,159,377,167,6.32455532033676,13.0384048104053,83.0963296421689,59.8163857149527,81.6149496109628,59.9332962550868,6.32455532033676,13.0384048104053
"4748",94,254,242,415,230,150,62,94,259,240,417,229,94,249,159,389,190,5.3851648071345,2.23606797749979,83.1504660239496,47.7074417675063,81.6149496109628,48.0104155366312,5.3851648071345,2.23606797749979
"4749",95,256,193,424,237,150,62,95,265,193,418,236,95,249,161,421,213,9,6.08276253029822,32.7566787083184,24.1867732448956,35.7770876399966,23.1948270094864,9,6.08276253029822
"4750",96,261,166,424,237,150,62,96,264,171,418,237,96,249,161,420,223,5.8309518948453,6,13,14.560219778561,18.0277563773199,14.142135623731,5.8309518948453,6
"4751",97,265,162,423,245,150,62,97,271,162,425,245,97,249,161,421,229,6,2,16.0312195418814,16.1245154965971,22.0227155455452,16.4924225024706,6,2
"4752",98,267,162,422,253,150,62,98,273,168,415,257,98,253,159,423,232,8.48528137423857,8.06225774829855,14.3178210632764,21.0237960416286,21.9317121994613,26.2488094968134,8.48528137423857,8.06225774829855
"4753",99,268,174,419,262,150,62,99,273,177,413,261,99,259,158,420,239,5.8309518948453,6.08276253029822,18.3575597506858,23.0217288664427,23.6008474424119,23.0867927612304,5.8309518948453,6.08276253029822
"4757",103,231,254,417,218,150,62,103,261,247,413,217,103,216,261,413,234,30.8058436014987,4.12310562561766,16.5529453572468,16.4924225024706,47.1274866717927,17,16.5529453572468,4.12310562561766
"4758",104,226,249,394,182,150,62,104,245,248,391,169,104,217,250,413,209,19.0262975904404,13.3416640641263,9.05538513813742,33.0151480384384,28.0713376952364,45.6508488420533,9.05538513813742,13.3416640641263
"4759",105,225,229,379,150,150,62,105,241,250,376,162,105,224,248,415,192,26.4007575648882,12.369316876853,19.0262975904404,55.3172667437573,17.1172427686237,49.2036584005702,19.0262975904404,12.369316876853
"4760",106,226,192,363,136,150,62,106,238,199,362,148,106,225,199,391,162,13.8924439894498,12.0415945787923,7.07106781186548,38.2099463490856,13,32.2024843762092,7.07106781186548,12.0415945787923
"4761",107,230,162,363,136,150,62,107,237,170,356,145,107,230,172,354,153,10.6301458127346,11.4017542509914,10,19.2353840616713,7.28010988928052,8.24621125123532,10,11.4017542509914
"4762",108,234,155,363,145,150,62,108,240,157,360,153,108,230,172,341,142,6.32455532033676,8.54400374531753,17.464249196573,22.2036033111745,18.0277563773199,21.9544984001001,6.32455532033676,8.54400374531753
"4763",109,234,155,366,165,150,62,109,239,161,360,181,109,230,172,345,141,7.81024967590665,17.0880074906351,17.464249196573,31.8904374382039,14.2126704035519,42.7200187265877,7.81024967590665,17.0880074906351
"4764",110,222,171,383,165,150,62,110,230,173,363,205,110,230,170,373,171,8.24621125123532,44.7213595499958,8.06225774829855,11.6619037896906,3,35.4400902933387,8.06225774829855,11.6619037896906
"4765",111,217,178,383,142,150,62,111,223,183,363,184,111,228,179,390,199,7.81024967590665,46.518813398452,11.0453610171873,57.4282160614449,6.40312423743285,30.886890422961,7.81024967590665,46.518813398452
"4766",112,213,191,361,141,150,62,112,217,198,359,147,112,228,179,378,195,8.06225774829855,6.32455532033676,19.2093727122985,56.6127194188726,21.9544984001001,51.6236379965612,8.06225774829855,6.32455532033676
"4767",113,213,206,353,131,150,62,113,220,215,352,138,113,228,179,371,176,11.4017542509914,7.07106781186548,30.886890422961,48.4664832642105,36.8781778291715,42.485291572496,11.4017542509914,7.07106781186548
"4768",114,220,234,352,131,150,62,114,233,231,348,136,114,209,234,346,153,13.3416640641263,6.40312423743285,11,22.8035085019828,24.1867732448956,17.1172427686237,11,6.40312423743285
"4769",115,226,261,352,136,150,62,115,237,255,349,144,115,231,265,345,142,12.5299640861417,8.54400374531753,6.40312423743285,9.21954445729289,11.6619037896906,4.47213595499958,6.40312423743285,8.54400374531753
"4770",116,226,270,360,137,150,62,116,233,266,355,168,116,228,270,345,138,8.06225774829855,31.4006369362152,2,15.0332963783729,6.40312423743285,31.6227766016838,2,15.0332963783729
"4774",120,225,165,369,165,150,62,120,231,178,355,209,120,240,181,384,169,14.3178210632764,46.1735855224608,21.9317121994613,15.52417469626,9.48683298050514,49.4064773081425,14.3178210632764,15.52417469626
"4776",122,232,159,356,137,150,62,122,239,162,353,143,122,238,187,356,149,7.61577310586391,6.70820393249937,28.6356421265527,12,25.0199920063936,6.70820393249937,7.61577310586391,6.70820393249937
"4777",123,236,172,356,137,150,62,123,234,184,359,149,123,241,179,349,137,12.1655250605964,12.369316876853,8.60232526704263,7,8.60232526704263,15.6204993518133,8.60232526704263,7
"4778",124,243,208,372,149,150,62,124,247,211,378,170,124,241,178,350,136,5,21.8403296678416,30.0665927567458,25.5538646783613,33.5410196624968,44.0454310910905,5,21.8403296678416
"4779",125,243,217,391,170,150,62,125,253,236,382,184,125,241,178,361,136,21.4709105535839,16.6433169770932,39.0512483795333,45.3431361950185,59.2283715798434,52.3927475897189,21.4709105535839,16.6433169770932
"4780",126,247,217,397,181,150,62,126,254,226,395,197,126,253,217,366,150,11.4017542509914,16.1245154965971,6,43.8406204335659,9.05538513813742,55.2268050859363,6,16.1245154965971
"4781",127,247,180,407,199,150,62,127,250,198,401,213,127,245,222,386,166,18.2482875908947,15.2315462117278,42.0475920832573,39.1152144312159,24.5153013442625,49.335585534176,18.2482875908947,15.2315462117278
"4782",128,257,162,414,215,150,62,128,256,176,404,220,128,259,172,425,200,14.0356688476182,11.1803398874989,10.1980390271856,18.6010752377383,5,29,10.1980390271856,11.1803398874989
"4783",129,259,162,419,221,150,62,129,268,159,411,228,129,259,172,417,204,9.48683298050514,10.6301458127346,10,17.1172427686237,15.8113883008419,24.738633753706,9.48683298050514,10.6301458127346
"4784",130,259,174,423,221,150,62,130,262,171,414,226,130,259,172,416,216,4.24264068711928,10.295630140987,2,8.60232526704263,3.16227766016838,10.1980390271856,2,8.60232526704263
"4785",131,249,242,424,218,150,62,131,267,205,422,218,131,259,172,413,225,41.146081222882,2,70.7106781186548,13.0384048104053,33.9558536926993,11.4017542509914,41.146081222882,2
"4786",132,247,242,424,216,150,62,132,259,226,420,215,132,259,172,411,209,20,4.12310562561766,71.0211236182588,14.7648230602334,54,10.816653826392,20,4.12310562561766
"4787",133,247,238,421,205,150,62,133,258,229,420,208,133,251,193,410,203,14.2126704035519,3.16227766016838,45.1774279923061,11.1803398874989,36.6742416417845,11.1803398874989,14.2126704035519,3.16227766016838
"4789",135,241,156,383,149,150,62,135,249,173,367,156,135,230,225,410,194,18.7882942280559,17.464249196573,69.8713102782537,52.4785670536077,55.3624421426656,57.3846669416143,18.7882942280559,17.464249196573
"4790",136,241,152,374,149,150,62,136,246,153,356,152,136,254,191,359,150,5.09901951359278,18.2482875908947,41.1096095821889,15.0332963783729,38.8329756778952,3.60555127546399,5.09901951359278,15.0332963783729
"4793",139,237,182,387,230,150,62,139,238,193,379,215,139,245,169,395,199,11.0453610171873,17,15.2643375224737,32.0156211871642,25,22.6274169979695,11.0453610171873,17
"4794",140,237,204,403,230,150,62,140,240,213,390,232,140,234,209,405,212,9.48683298050514,13.1529464379659,5.8309518948453,18.1107702762748,7.21110255092798,25,5.8309518948453,13.1529464379659
"4795",141,232,234,406,232,150,62,141,239,234,395,233,141,234,208,405,211,7,11.0453610171873,26.0768096208106,21.0237960416286,26.4764045897475,24.1660919471891,7,11.0453610171873
"4796",142,232,251,407,235,150,62,142,242,251,406,232,142,236,214,406,232,10,3.16227766016838,37.2155881318568,3.16227766016838,37.4833296279826,0,10,3.16227766016838
"4797",143,233,269,407,235,150,62,143,244,262,407,235,143,239,221,407,233,13.0384048104053,0,48.3735464897913,2,41.3037528561268,2,13.0384048104053,0
"4798",144,235,269,407,236,150,62,144,241,266,405,233,144,241,228,408,234,6.70820393249937,3.60555127546399,41.4366987102013,2.23606797749979,38,3.16227766016838,6.70820393249937,2.23606797749979
"4799",145,235,261,405,240,150,62,145,245,249,401,237,145,252,258,418,236,15.6204993518133,5,17.2626765016321,13.6014705087354,11.4017542509914,17.0293863659264,15.6204993518133,5
"4800",146,239,193,394,254,150,62,146,234,201,392,247,146,227,190,416,236,9.4339811320566,7.28010988928052,12.369316876853,28.4253408071038,13.0384048104053,26.4007575648882,9.4339811320566,7.28010988928052
"4801",147,239,160,391,255,150,62,147,241,180,384,253,147,232,188,407,243,20.0997512422418,7.28010988928052,28.8617393793236,20,12.0415945787923,25.0798724079689,20.0997512422418,7.28010988928052
"4802",148,242,148,391,254,150,62,148,256,160,383,255,148,249,164,391,261,18.4390889145858,8.06225774829855,17.464249196573,7,8.06225774829855,10,17.464249196573,7
"4803",149,257,148,391,253,150,62,149,260,156,385,251,149,251,156,391,261,8.54400374531753,6.32455532033676,10,8,9,11.6619037896906,8.54400374531753,6.32455532033676
